-- Skrypty DML, uzupelniajace baze danych przykladowymi rekordami
-- Projekt: Miasto Teotihuacan (Projekt semestralny z przedmiotu RBD)
-- Autor: Maciej Sepeta s30518 19c
-- Baza danych: OracleDB

-- Mieszkanie
INSERT INTO MIESZKANIE (ID, NAZWA, TYP)
VALUES (1, 'Chatka Puchatka', 'szalas');

INSERT INTO MIESZKANIE (ID, NAZWA, TYP)
VALUES (2, 'Klitka na miotly', 'szalas');

INSERT INTO MIESZKANIE (ID, NAZWA, TYP)
VALUES (3, 'Chata snobow', 'swiatynia');

-- Bron
INSERT INTO BRON (ID, NAZWA, TYP)
VALUES (1, 'Dzida', 'mieszany');

INSERT INTO BRON (ID, NAZWA, TYP)
VALUES (2, 'Maczeta', 'na blisko');

INSERT INTO BRON (ID, NAZWA, TYP)
VALUES (3, 'Palka', 'na blisko');

INSERT INTO BRON (ID, NAZWA, TYP)
VALUES (4, 'Proca', 'dystansowa');

-- Dieta
INSERT INTO DIETA (ID, NAZWA, TYP)
VALUES (1, 'Plaz polodniowych', 'odchudzajaca');

INSERT INTO DIETA (ID, NAZWA, TYP)
VALUES (2, 'Swinska masa', 'zwiekszajaca mase');

INSERT INTO DIETA (ID, NAZWA, TYP)
VALUES (3, 'Wegetarianska', 'odchudzajaca');

-- Skladnik
INSERT INTO SKLADNIK (ID, NAZWA)
VALUES (1, 'Borowka');

INSERT INTO SKLADNIK (ID, NAZWA)
VALUES (2, 'Kurczak');

INSERT INTO SKLADNIK (ID, NAZWA)
VALUES (3, 'Lisc Coca-Coli');

INSERT INTO SKLADNIK (ID, NAZWA)
VALUES (4, 'Trenbolon');

-- Skladnik_Dieta
INSERT INTO SKLADNIK_DIETA (DIETA_ID, SKLADNIK_ID, ILOSC)
VALUES (1, 1, 50);

INSERT INTO SKLADNIK_DIETA (DIETA_ID, SKLADNIK_ID, ILOSC)
VALUES (1, 2, 50);

INSERT INTO SKLADNIK_DIETA (DIETA_ID, SKLADNIK_ID, ILOSC)
VALUES (2, 2, 100);

INSERT INTO SKLADNIK_DIETA (DIETA_ID, SKLADNIK_ID, ILOSC)
VALUES (2, 4, 123);

INSERT INTO SKLADNIK_DIETA (DIETA_ID, SKLADNIK_ID, ILOSC)
VALUES (3, 1, 96);

INSERT INTO SKLADNIK_DIETA (DIETA_ID, SKLADNIK_ID, ILOSC)
VALUES (3, 3, 420);

-- Osoba
INSERT INTO OSOBA (ID, IMIE, NAZWISKO, PRZYDOMEK, PLEC, WIEK, WZROST, WAGA, DIETA_ID, MIESZKANIE_ID)
VALUES (1, 'Han', 'Duo', 'Wielka stopa', 'M', 35, 168, 69, 1, 1);

INSERT INTO OSOBA (ID, IMIE, NAZWISKO, PRZYDOMEK, PLEC, WIEK, WZROST, WAGA, DIETA_ID, MIESZKANIE_ID)
VALUES (2, 'Angelia', 'Jolie', 'Agregatka', 'F', 34, 168, 69, 1, 2);

INSERT INTO OSOBA (ID, IMIE, NAZWISKO, PRZYDOMEK, PLEC, WIEK, WZROST, WAGA, DIETA_ID, MIESZKANIE_ID)
VALUES (3, 'Jack', 'Captain', 'Papuga', 'M', 41, 168, 69, 1, 3);

INSERT INTO OSOBA (ID, IMIE, NAZWISKO, PRZYDOMEK, PLEC, WIEK, WZROST, WAGA, DIETA_ID, MIESZKANIE_ID)
VALUES (4, 'Ariana', 'Smallande', 'Gwiazda', 'F', 12, 168, 69, 2, 1);

INSERT INTO OSOBA (ID, IMIE, NAZWISKO, PRZYDOMEK, PLEC, WIEK, WZROST, WAGA, DIETA_ID, MIESZKANIE_ID)
VALUES (5, 'Mike', 'Tyson', 'Tetla', 'M', 8, 168, 69, 2, 2);

INSERT INTO OSOBA (ID, IMIE, NAZWISKO, PRZYDOMEK, PLEC, WIEK, WZROST, WAGA, DIETA_ID, MIESZKANIE_ID)
VALUES (6, 'Barbara', 'Stara', 'Giganciara', 'F', 23, 168, 69, 2, 3);

INSERT INTO OSOBA (ID, IMIE, NAZWISKO, PRZYDOMEK, PLEC, WIEK, WZROST, WAGA, DIETA_ID, MIESZKANIE_ID)
VALUES (7, 'Kung', 'Fu', 'Panda', 'M', 51, 168, 69, 3, 1);

INSERT INTO OSOBA (ID, IMIE, NAZWISKO, PRZYDOMEK, PLEC, WIEK, WZROST, WAGA, DIETA_ID, MIESZKANIE_ID)
VALUES (8, 'Hanna', 'Wanna', 'Panna', 'F', 48, 168, 69, 3, 2);

INSERT INTO OSOBA (ID, IMIE, NAZWISKO, PRZYDOMEK, PLEC, WIEK, WZROST, WAGA, DIETA_ID, MIESZKANIE_ID)
VALUES (9, 'Jack', 'Daniels', 'Lekarstwo', 'M', 17, 168, 69, 3, 3);

-- Podwladny
INSERT INTO PODWLADNY (OSOBA_ID)
VALUES (1);

INSERT INTO PODWLADNY (OSOBA_ID)
VALUES (2);

INSERT INTO PODWLADNY (OSOBA_ID)
VALUES (3);

INSERT INTO PODWLADNY (OSOBA_ID)
VALUES (4);

INSERT INTO PODWLADNY (OSOBA_ID)
VALUES (5);

INSERT INTO PODWLADNY (OSOBA_ID)
VALUES (6);

-- Przywodca
INSERT INTO PRZYWODCA (OSOBA_ID, RANGA, POMOCNIK_ID)
VALUES (7, 'Maniek szeregowy', null);

INSERT INTO PRZYWODCA (OSOBA_ID, RANGA, POMOCNIK_ID)
VALUES (8, 'Srogi ziom', 7);

INSERT INTO PRZYWODCA (OSOBA_ID, RANGA, POMOCNIK_ID)
VALUES (9, 'Srogi ziom', 7);

-- Przywodca_Podwladny
INSERT INTO PRZYWODCA_PODWLADNY (PRZYWODCA_ID, PODWLADNY_ID)
VALUES (7, 1);

INSERT INTO PRZYWODCA_PODWLADNY (PRZYWODCA_ID, PODWLADNY_ID)
VALUES (7, 2);

INSERT INTO PRZYWODCA_PODWLADNY (PRZYWODCA_ID, PODWLADNY_ID)
VALUES (7, 3);

INSERT INTO PRZYWODCA_PODWLADNY (PRZYWODCA_ID, PODWLADNY_ID)
VALUES (8, 4);

INSERT INTO PRZYWODCA_PODWLADNY (PRZYWODCA_ID, PODWLADNY_ID)
VALUES (8, 5);

INSERT INTO PRZYWODCA_PODWLADNY (PRZYWODCA_ID, PODWLADNY_ID)
VALUES (8, 6);

INSERT INTO PRZYWODCA_PODWLADNY (PRZYWODCA_ID, PODWLADNY_ID)
VALUES (9, 3);

INSERT INTO PRZYWODCA_PODWLADNY (PRZYWODCA_ID, PODWLADNY_ID)
VALUES (9, 4);

INSERT INTO PRZYWODCA_PODWLADNY (PRZYWODCA_ID, PODWLADNY_ID)
VALUES (9, 5);

-- Medyk
INSERT INTO MEDYK (PODWLADNY_ID, SPECJALIZACJA)
VALUES (1, 'Zakazenia');

INSERT INTO MEDYK (PODWLADNY_ID, SPECJALIZACJA)
VALUES (2, 'Choroby psychiczne');

-- Leczenie
INSERT INTO LECZENIE (ID, OSOBA_ID, MEDYK_ID, CHOROBA)
VALUES (1, 1, 1, 'Zakazenie jadem zaby');

INSERT INTO LECZENIE (ID, OSOBA_ID, MEDYK_ID, CHOROBA)
VALUES (2, 3, 1, 'Zatrucie pokarmowe');

INSERT INTO LECZENIE (ID, OSOBA_ID, MEDYK_ID, CHOROBA)
VALUES (3, 5, 2, 'Depresja');

INSERT INTO LECZENIE (ID, OSOBA_ID, MEDYK_ID, CHOROBA)
VALUES (4, 5, 2, 'Schizofrenia');

-- Farmer
INSERT INTO FARMER (PODWLADNY_ID, POMOCNIK_ID)
VALUES (3, null);

INSERT INTO FARMER (PODWLADNY_ID, POMOCNIK_ID)
VALUES (4, 3);

-- Farmer_Skladnik
INSERT INTO FARMER_SKLADNIK (FARMER_ID, SKLADNIK_ID, PRODUKCJA)
VALUES (3, 1, 15000);

INSERT INTO FARMER_SKLADNIK (FARMER_ID, SKLADNIK_ID, PRODUKCJA)
VALUES (3, 2, 9000);

INSERT INTO FARMER_SKLADNIK (FARMER_ID, SKLADNIK_ID, PRODUKCJA)
VALUES (3, 3, 4200);

INSERT INTO FARMER_SKLADNIK (FARMER_ID, SKLADNIK_ID, PRODUKCJA)
VALUES (4, 2, 12300);

INSERT INTO FARMER_SKLADNIK (FARMER_ID, SKLADNIK_ID, PRODUKCJA)
VALUES (4, 3, 6899);

INSERT INTO FARMER_SKLADNIK (FARMER_ID, SKLADNIK_ID, PRODUKCJA)
VALUES (4, 4, 7000);

-- Wojownik
INSERT INTO WOJOWNIK (PODWLADNY_ID, DOSWIADCZENIE)
VALUES (5, 2);

INSERT INTO WOJOWNIK (PODWLADNY_ID, DOSWIADCZENIE)
VALUES (6, 10);

-- Wojownik_Bron
INSERT INTO WOJOWNIK_BRON (WOJOWNIK_ID, BRON_ID)
VALUES (5, 1);

INSERT INTO WOJOWNIK_BRON (WOJOWNIK_ID, BRON_ID)
VALUES (5, 2);

INSERT INTO WOJOWNIK_BRON (WOJOWNIK_ID, BRON_ID)
VALUES (5, 3);

INSERT INTO WOJOWNIK_BRON (WOJOWNIK_ID, BRON_ID)
VALUES (6, 2);

INSERT INTO WOJOWNIK_BRON (WOJOWNIK_ID, BRON_ID)
VALUES (6, 3);

INSERT INTO WOJOWNIK_BRON (WOJOWNIK_ID, BRON_ID)
VALUES (6, 4);

COMMIT;